CREATE DATABASE MELHOR_DO_SAPATO;
USE MELHOR_DO_SAPATO;

CREATE TABLE PEDIDO(
	ID_PEDIDO		INT			PRIMARY KEY,
	DATA			DATE,
	VALOR			FLOAT,	
);

INSERT INTO PEDIDO VALUES(1, '2023-12-01', 150.75);
INSERT INTO PEDIDO VALUES(2, '2023-12-02', 200.50);
INSERT INTO PEDIDO VALUES(3, '2023-12-03', 75.25);
INSERT INTO PEDIDO VALUES(4, '2023-12-04', 300.00);
INSERT INTO PEDIDO VALUES(5, '2023-12-05', 125.80);
INSERT INTO PEDIDO VALUES(6, '2023-12-06', 180.30);
INSERT INTO PEDIDO VALUES(7, '2023-12-07', 90.50);
INSERT INTO PEDIDO VALUES(8, '2023-12-08', 250.60);
INSERT INTO PEDIDO VALUES(9, '2023-12-09', 120.75);
INSERT INTO PEDIDO VALUES(10, '2023-12-10', 175.40);
INSERT INTO PEDIDO VALUES(11, '2023-12-11', 80.20);
INSERT INTO PEDIDO VALUES(12, '2023-12-12', 220.90);
INSERT INTO PEDIDO VALUES(13, '2023-12-13', 130.45);
INSERT INTO PEDIDO VALUES(14, '2023-12-14', 190.75);
INSERT INTO PEDIDO VALUES(15, '2023-12-15', 100.60);
INSERT INTO PEDIDO VALUES(16, '2023-12-16', 240.30);
INSERT INTO PEDIDO VALUES(17, '2023-12-17', 110.25);
INSERT INTO PEDIDO VALUES(18, '2023-12-18', 160.50);
INSERT INTO PEDIDO VALUES(19, '2023-12-19', 70.80);
INSERT INTO PEDIDO VALUES(20, '2023-12-20', 205.00);

CREATE TABLE SETOR(
	ID_SETOR		INT			PRIMARY KEY,
	NOME_SETOR		VARCHAR(50),


);

INSERT INTO SETOR VALUES (1, 'SEDE SÃO PAULO');
INSERT INTO SETOR VALUES(2, 'SEDE RIO DE JANEIRO');
INSERT INTO SETOR VALUES(3, 'SEDE BELO HORIZONTE');
INSERT INTO SETOR VALUES(4, 'SEDE BRASÍLIA');
INSERT INTO SETOR VALUES(5, 'SEDE SALVADOR');
INSERT INTO SETOR VALUES(6, 'SEDE FORTALEZA');
INSERT INTO SETOR VALUES(7, 'SEDE RECIFE');
INSERT INTO SETOR VALUES(8, 'SEDE MANAUS');
INSERT INTO SETOR VALUES(9, 'SEDE CURITIBA');
INSERT INTO SETOR VALUES(10, 'SEDE PORTO ALEGRE');
INSERT INTO SETOR VALUES(11, 'SEDE BELEM');
INSERT INTO SETOR VALUES(12, 'SEDE GOIANIA');
INSERT INTO SETOR VALUES(13, 'SEDE GUARULHOS');
INSERT INTO SETOR VALUES(14, 'SEDE CAMPINAS');
INSERT INTO SETOR VALUES(15, 'SEDE SANTOS');
INSERT INTO SETOR VALUES(16, 'SEDE NATAL');
INSERT INTO SETOR VALUES(17, 'SEDE JOÃO PESSOA');
INSERT INTO SETOR VALUES(18, 'SEDE TERESINA');
INSERT INTO SETOR VALUES(19, 'SEDE FLORIANOPOLIS');
INSERT INTO SETOR VALUES(20, 'SEDE VITORIA');



CREATE TABLE VENDEDOR(
ID_VENDEDOR			INT			PRIMARY KEY,
NOME				VARCHAR(50),
TELEFONE			VARCHAR(30),
ID_SETOR			INT,

FOREIGN KEY (ID_SETOR) REFERENCES SETOR (ID_SETOR);

);
INSERT INTO VENDEDOR VALUES(1, 'ANA SOUZA', '(16)1234-5678', 1);
INSERT INTO VENDEDOR VALUES(2, 'CARLOS PEREIRA', '(16)2345-6789', 2);
INSERT INTO VENDEDOR VALUES(3, 'FERNANDA COSTA', '(16)3456-7890', 3);
INSERT INTO VENDEDOR VALUES(4, 'GABRIEL OLIVEIRA', '(16)4567-8901', 1);
INSERT INTO VENDEDOR VALUES(5, 'ISABEL CRUZ', '(16)5678-9012', 2);
INSERT INTO VENDEDOR VALUES(6, 'JOSÉ ALMEIDA', '(16)6789-0123', 3);
INSERT INTO VENDEDOR VALUES(7, 'LARISSA MARTINS', '(16)7890-1234', 1);
INSERT INTO VENDEDOR VALUES(8, 'MARCOS SANTANA', '(16)8901-2345', 2);
INSERT INTO VENDEDOR VALUES(9, 'NATÁLIA PEREIRA', '(16)9012-3456', 3);
INSERT INTO VENDEDOR VALUES(10, 'OSCAR SILVEIRA', '(16)0123-4567', 1);
INSERT INTO VENDEDOR VALUES(11, 'PAULA RODRIGUES', '(16)1234-5678', 2);
INSERT INTO VENDEDOR VALUES(12, 'RAFAEL COSTA', '(16)2345-6789', 3);
INSERT INTO VENDEDOR VALUES(13, 'SANDRA OLIVEIRA', '(16)3456-7890', 1);
INSERT INTO VENDEDOR VALUES(14, 'TIAGO ALMEIDA', '(16)4567-8901', 2);
INSERT INTO VENDEDOR VALUES(15, 'URIEL PEREIRA', '(16)5678-9012', 3);
INSERT INTO VENDEDOR VALUES(16, 'VIVIAN CRUZ', '(16)6789-0123', 1);
INSERT INTO VENDEDOR VALUES(17, 'WALTER MARTINS', '(16)7890-1234', 2);
INSERT INTO VENDEDOR VALUES(18, 'XIMENA SANTANA', '(16)8901-2345', 3);
INSERT INTO VENDEDOR VALUES(19, 'YARA PEREIRA', '(16)9012-3456', 1);
INSERT INTO VENDEDOR VALUES(20, 'ZÉLIA SILVA', '(16)0123-4567', 2);

 DROP TABLE VENDEDOR;
CREATE TABLE CLIENTE(
	ID_CLIENTE			INT			PRIMARY KEY,
	ID_PEDIDO			INT,
	ID_VENDEDOR			INT,
	NOME				VARCHAR(50),
	TELEFONE			VARCHAR(15),
	RUA					VARCHAR(30),
	BAIRRO				VARCHAR(30),
	CEP					VARCHAR(9),
	DATA_NASC			DATE,
	FOREIGN KEY (ID_PEDIDO) REFERENCES PEDIDO (ID_PEDIDO),
	FOREIGN KEY (ID_VENDEDOR) REFERENCES VENDEDOR (ID_VENDEDOR),

);
INSERT INTO CLIENTE VALUES (1, 1, 1, 'ANA SOUZA', '(16)1234-5678', 'RUA A', 'BAIRRO X', '14400-001', '1990-01-01');
INSERT INTO CLIENTE VALUES(2, 2, 2, 'CARLOS PEREIRA', '(16)2345-6789', 'RUA B', 'BAIRRO Y', '14400-002', '1985-02-15');
INSERT INTO CLIENTE VALUES(3, 3, 3, 'FERNANDA COSTA', '(16)3456-7890', 'RUA C', 'BAIRRO Z', '14400-003', '1992-03-20');
INSERT INTO CLIENTE VALUES(4, 4, 4, 'GABRIEL OLIVEIRA', '(16)4567-8901', 'RUA D', 'BAIRRO W', '14400-004', '1980-04-25');
INSERT INTO CLIENTE VALUES(5, 5, 5, 'ISABEL CRUZ', '(16)5678-9012', 'RUA E', 'BAIRRO V', '14400-005', '1988-05-30');
INSERT INTO CLIENTE VALUES(6, 6, 6, 'JOSÉ ALMEIDA', '(16)6789-0123', 'RUA F', 'BAIRRO U', '14400-006', '1995-06-04');
INSERT INTO CLIENTE VALUES(7, 7, 7, 'LARISSA MARTINS', '(16)7890-1234', 'RUA G', 'BAIRRO T', '14400-007', '1983-07-09');
INSERT INTO CLIENTE VALUES(8, 8, 8, 'MARCOS SANTANA', '(16)8901-2345', 'RUA H', 'BAIRRO S', '14400-008', '1990-08-14');
INSERT INTO CLIENTE VALUES(9, 9, 9, 'NATÁLIA PEREIRA', '(16)9012-3456', 'RUA I', 'BAIRRO R', '14400-009', '1987-09-19');
INSERT INTO CLIENTE VALUES(10, 10, 10, 'OSCAR SILVEIRA', '(16)0123-4567', 'RUA J', 'BAIRRO Q', '14400-010', '1994-10-24');
INSERT INTO CLIENTE VALUES(11, 11, 11, 'PAULA RODRIGUES', '(16)1234-5678', 'RUA K', 'BAIRRO P', '14400-011', '1982-11-29');
INSERT INTO CLIENTE VALUES(12, 12, 12, 'RAFAEL COSTA', '(16)2345-6789', 'RUA L', 'BAIRRO O', '14400-012', '1989-12-04');
INSERT INTO CLIENTE VALUES(13, 13, 13, 'SANDRA OLIVEIRA', '(16)3456-7890', 'RUA M', 'BAIRRO N', '14400-013', '1981-01-09');
INSERT INTO CLIENTE VALUES(14, 14, 14, 'TIAGO ALMEIDA', '(16)4567-8901', 'RUA N', 'BAIRRO M', '14400-014', '1986-02-14');
INSERT INTO CLIENTE VALUES(15, 15, 15, 'URIEL PEREIRA', '(16)5678-9012', 'RUA O', 'BAIRRO L', '14400-015', '1993-03-21');
INSERT INTO CLIENTE VALUES(16, 16, 16, 'VIVIAN CRUZ', '(16)6789-0123', 'RUA P', 'BAIRRO K', '14400-016', '1984-04-26');
INSERT INTO CLIENTE VALUES(17, 17, 17, 'WALTER MARTINS', '(16)7890-1234', 'RUA Q', 'BAIRRO J', '14400-017', '1991-05-31');
INSERT INTO CLIENTE VALUES(18, 18, 18, 'XIMENA SANTANA', '(16)8901-2345', 'RUA R', 'BAIRRO I', '14400-018', '1988-06-05');
INSERT INTO CLIENTE VALUES(19, 19, 19, 'YARA PEREIRA', '(16)9012-3456', 'RUA S', 'BAIRRO H', '14400-019', '1995-07-10');
INSERT INTO CLIENTE VALUES(20, 20, 20, 'ZÉLIA SILVA', '(16)0123-4567', 'RUA T', 'BAIRRO G', '14400-020', '1980-08-15');


CREATE TABLE EMAIL(
	ID_EMAIL			INT			PRIMARY KEY,
	ID_CLIENTE			INT,
	EMAIL				VARCHAR(50),

	FOREIGN KEY (ID_CLIENTE) REFERENCES CLIENTE (ID_CLIENTE),


);


INSERT INTO EMAIL VALUES(1, 1, 'CONTATO@EMPRESA1.COM');
INSERT INTO EMAIL VALUES(2, 2, 'SAC@EMPRESA2.COM');
INSERT INTO EMAIL VALUES(3, 3, 'ATENDIMENTO@EMPRESA3.COM');
INSERT INTO EMAIL VALUES(4, 4, 'SUPORTE@EMPRESA4.COM');
INSERT INTO EMAIL VALUES(5, 5, 'INFO@EMPRESA5.COM');
INSERT INTO EMAIL VALUES(6, 6, 'CONTATO@EMPRESA6.COM');
INSERT INTO EMAIL VALUES(7, 7, 'FALARCOM@EMPRESA7.COM');
INSERT INTO EMAIL VALUES(8, 8, 'AJUDA@EMPRESA8.COM');
INSERT INTO EMAIL VALUES(9, 9, 'DÚVIDAS@EMPRESA9.COM');
INSERT INTO EMAIL VALUES(10, 10, 'CLIENTES@EMPRESA10.COM');
INSERT INTO EMAIL VALUES(11, 11, 'INFO@EMPRESA11.COM');
INSERT INTO EMAIL VALUES(12, 12, 'CONTATO@EMPRESA12.COM');
INSERT INTO EMAIL VALUES(13, 13, 'SUPORTE@EMPRESA13.COM');
INSERT INTO EMAIL VALUES(14, 14, 'ATENDIMENTO@EMPRESA14.COM');
INSERT INTO EMAIL VALUES(15, 15, 'DÚVIDAS@EMPRESA15.COM');
INSERT INTO EMAIL VALUES(16, 16, 'FALARCOM@EMPRESA16.COM');
INSERT INTO EMAIL VALUES(17, 17, 'AJUDA@EMPRESA17.COM');
INSERT INTO EMAIL VALUES(18, 18, 'CLIENTES@EMPRESA18.COM');
INSERT INTO EMAIL VALUES(19, 19, 'INFO@EMPRESA19.COM');
INSERT INTO EMAIL VALUES(20, 20, 'SUPORTE@EMPRESA20.COM');

CREATE TABLE PRODUTO(
	ID_PRODUTO			INT			PRIMARY KEY,
	COR					VARCHAR(10),
	TAMANHO				INT,
	PREÇO_CUSTO			FLOAT,
	PREÇO_VENDA			FLOAT,
	LUCRO				FLOAT,
	ID_PEDIDO			INT,

	FOREIGN KEY	(ID_PEDIDO) REFERENCES	PEDIDO (ID_PEDIDO),
);


INSERT INTO PRODUTO VALUES(1, 'AZUL', 36, 50.00, 120.00, 70.00, 1);
INSERT INTO PRODUTO VALUES(2, 'VERMELHO', 40, 60.00, 150.00, 90.00, 2);
INSERT INTO PRODUTO VALUES(3, 'PRETO', 38, 55.00, 130.00, 75.00, 3);
INSERT INTO PRODUTO VALUES(4, 'BRANCO', 42, 70.00, 180.00, 110.00, 4);
INSERT INTO PRODUTO VALUES(5, 'VERDE', 34, 45.00, 110.00, 65.00, 5);
INSERT INTO PRODUTO VALUES(6, 'AMARELO', 39, 58.00, 140.00, 82.00, 6);
INSERT INTO PRODUTO VALUES(7, 'ROSA', 37, 52.00, 125.00, 73.00, 7);
INSERT INTO PRODUTO VALUES(8, 'CINZA', 41, 65.00, 160.00, 95.00, 8);
INSERT INTO PRODUTO VALUES(9, 'LARANJA', 35, 48.00, 115.00, 67.00, 9);
INSERT INTO PRODUTO VALUES(10, 'ROXO', 43, 75.00, 190.00, 115.00, 10);
INSERT INTO PRODUTO VALUES(11, 'AZUL', 38, 55.00, 130.00, 75.00, 11);
INSERT INTO PRODUTO VALUES(12, 'VERMELHO', 44, 80.00, 200.00, 120.00, 12);
INSERT INTO PRODUTO VALUES(13, 'PRETO', 36, 50.00, 120.00, 70.00, 13);
INSERT INTO PRODUTO VALUES(14, 'BRANCO', 39, 58.00, 140.00, 82.00, 14);
INSERT INTO PRODUTO VALUES(15, 'VERDE', 37, 52.00, 125.00, 73.00, 15);
INSERT INTO PRODUTO VALUES(16, 'AMARELO', 45, 85.00, 210.00, 125.00, 16);
INSERT INTO PRODUTO VALUES(17, 'ROSA', 38, 55.00, 130.00, 75.00, 17);
INSERT INTO PRODUTO VALUES(18, 'CINZA', 40, 60.00, 150.00, 90.00, 18);
INSERT INTO PRODUTO VALUES(19, 'LARANJA', 37, 52.00, 125.00, 73.00, 19);
INSERT INTO PRODUTO VALUES(20, 'ROXO', 42, 70.00, 180.00, 110.00, 20);


CREATE TABLE FORNECEDOR(
	ID_FORNECEDOR			INT			PRIMARY KEY,
	NOME					VARCHAR(50),
	TELEFONE				VARCHAR(30),

);

INSERT INTO FORNECEDOR VALUES(1, 'FORNECEDOR A', '(11)1234-5678');
INSERT INTO FORNECEDOR VALUES(2, 'FORNECEDOR B', '(22)2345-6789');
INSERT INTO FORNECEDOR VALUES(3, 'FORNECEDOR C', '(33)3456-7890');
INSERT INTO FORNECEDOR VALUES(4, 'FORNECEDOR D', '(44)4567-8901');
INSERT INTO FORNECEDOR VALUES(5, 'FORNECEDOR E', '(55)5678-9012');
INSERT INTO FORNECEDOR VALUES(6, 'FORNECEDOR F', '(66)6789-0123');
INSERT INTO FORNECEDOR VALUES(7, 'FORNECEDOR G', '(77)7890-1234');
INSERT INTO FORNECEDOR VALUES(8, 'FORNECEDOR H', '(88)8901-2345');
INSERT INTO FORNECEDOR VALUES(9, 'FORNECEDOR I', '(99)9012-3456');
INSERT INTO FORNECEDOR VALUES(10, 'FORNECEDOR J', '(10)0123-4567');
INSERT INTO FORNECEDOR VALUES(11, 'FORNECEDOR K', '(11)1234-5678');
INSERT INTO FORNECEDOR VALUES(12, 'FORNECEDOR L', '(12)2345-6789');
INSERT INTO FORNECEDOR VALUES(13, 'FORNECEDOR M', '(13)3456-7890');
INSERT INTO FORNECEDOR VALUES(14, 'FORNECEDOR N', '(14)4567-8901');
INSERT INTO FORNECEDOR VALUES(15, 'FORNECEDOR O', '(15)5678-9012');
INSERT INTO FORNECEDOR VALUES(16, 'FORNECEDOR P', '(16)6789-0123');
INSERT INTO FORNECEDOR VALUES(17, 'FORNECEDOR Q', '(17)7890-1234');
INSERT INTO FORNECEDOR VALUES(18, 'FORNECEDOR R', '(18)8901-2345');
INSERT INTO FORNECEDOR VALUES(19, 'FORNECEDOR S', '(19)9012-3456');
INSERT INTO FORNECEDOR VALUES(20, 'FORNECEDOR T', '(20)0123-4567');



CREATE TABLE PRODUTO_FORNECEDOR(
	ID_PRODUTO			INT,
	ID_FORNECEDOR		INT,
	PRIMARY KEY(ID_PRODUTO,ID_FORNECEDOR),
	FOREIGN KEY (ID_PRODUTO) REFERENCES PRODUTO(ID_PRODUTO),
	FOREIGN KEY(ID_FORNECEDOR) REFERENCES FORNECEDOR (ID_FORNECEDOR),

);

INSERT INTO PRODUTO_FORNECEDOR VALUES(1, 1);
INSERT INTO PRODUTO_FORNECEDOR VALUES(2, 2);
INSERT INTO PRODUTO_FORNECEDOR VALUES(3, 3);
INSERT INTO PRODUTO_FORNECEDOR VALUES(4, 4);
INSERT INTO PRODUTO_FORNECEDOR VALUES(5, 5);
INSERT INTO PRODUTO_FORNECEDOR VALUES(6, 6);
INSERT INTO PRODUTO_FORNECEDOR VALUES(7, 7);
INSERT INTO PRODUTO_FORNECEDOR VALUES(8, 8);
INSERT INTO PRODUTO_FORNECEDOR VALUES(9, 9);
INSERT INTO PRODUTO_FORNECEDOR VALUES(10, 10);
INSERT INTO PRODUTO_FORNECEDOR VALUES(11, 11);
INSERT INTO PRODUTO_FORNECEDOR VALUES(12, 12);
INSERT INTO PRODUTO_FORNECEDOR VALUES(13, 13);
INSERT INTO PRODUTO_FORNECEDOR VALUES(14, 14);
INSERT INTO PRODUTO_FORNECEDOR VALUES(15, 15);
INSERT INTO PRODUTO_FORNECEDOR VALUES(16, 16);
INSERT INTO PRODUTO_FORNECEDOR VALUES(17, 17);
INSERT INTO PRODUTO_FORNECEDOR VALUES(18, 18);
INSERT INTO PRODUTO_FORNECEDOR VALUES(19, 19);
INSERT INTO PRODUTO_FORNECEDOR VALUES(20, 20);






